999027,FOSF DIAMONI GRAN 18-46-0,COMISIONES,COMISIONES,LINEAS COMPLEMENTARIAS
999027,FOSF DIAMONI GRAN 18-46-0,COMISIONES,COMISIONES,LINEAS COMPLEMENTARIAS
999028,FLASH 7.5 SL,COMISIONES,COMISIONES,LINEAS COMPLEMENTARIAS
999028,FLASH 7.5 SL,COMISIONES,COMISIONES,LINEAS COMPLEMENTARIAS
999030,CAL QUIMICA,COMISIONES,COMISIONES,LINEAS COMPLEMENTARIAS
999030,CAL QUIMICA,COMISIONES,COMISIONES,LINEAS COMPLEMENTARIAS
999035,CLORURO BENZALCONICO,COMISIONES,COMISIONES,LINEAS COMPLEMENTARIAS
999035,CLORURO BENZALCONICO,COMISIONES,COMISIONES,LINEAS COMPLEMENTARIAS
999037,DONAC JARA DE 20 LTS,COMISIONES,COMISIONES,LINEAS COMPLEMENTARIAS
999037,DONAC JARA DE 20 LTS,COMISIONES,COMISIONES,LINEAS COMPLEMENTARIAS
999038,HARNESS 90 EC,COMISIONES,COMISIONES,LINEAS COMPLEMENTARIAS
999038,HARNESS 90 EC,COMISIONES,COMISIONES,LINEAS COMPLEMENTARIAS
999040,HIDROSULFATO DE SODIO,COMISIONES,COMISIONES,LINEAS COMPLEMENTARIAS
999040,HIDROSULFATO DE SODIO,COMISIONES,COMISIONES,LINEAS COMPLEMENTARIAS
999041,KCL STANDARD,COMISIONES,COMISIONES,LINEAS COMPLEMENTARIAS
999041,KCL STANDARD,COMISIONES,COMISIONES,LINEAS COMPLEMENTARIAS
999042,KRISWIT CAJA 5 KLS,COMISIONES,COMISIONES,LINEAS COMPLEMENTARIAS
999042,KRISWIT CAJA 5 KLS,COMISIONES,COMISIONES,LINEAS COMPLEMENTARIAS
999044,ROUNDUP MASA 10 KG,COMISIONES,COMISIONES,LINEAS COMPLEMENTARIAS
999540,LLANTA 13.6/14.9-24 TR218,COMISIONES,COMISIONES,LINEAS COMPLEMENTARIAS
999540,LLANTA 13.6/14.9-24 TR218,COMISIONES,COMISIONES,LINEAS COMPLEMENTARIAS
999541,LLANTA 56X16 32L AMER/FAR,COMISIONES,COMISIONES,LINEAS COMPLEMENTARIAS
999541,LLANTA 56X16 32L AMER/FAR,COMISIONES,COMISIONES,LINEAS COMPLEMENTARIAS
999545,LLANTA 750-16 10L T494 FT,COMISIONES,COMISIONES,LINEAS COMPLEMENTARIAS
999545,LLANTA 750-16 10L T494 FT,COMISIONES,COMISIONES,LINEAS COMPLEMENTARIAS
999700,TUBO 1300/1400-24 TR-220,COMISIONES,COMISIONES,LINEAS COMPLEMENTARIAS
999081,MIREX-S 0.3 GR,COMISIONES,COMISIONES,LINEAS COMPLEMENTARIAS
999081,MIREX-S 0.3 GR,COMISIONES,COMISIONES,LINEAS COMPLEMENTARIAS
999072,TOUCH DOWN FORTE (10LTR),COMISIONES,COMISIONES,LINEAS COMPLEMENTARIAS
999074,INEX-A,COMISIONES,COMISIONES,LINEAS COMPLEMENTARIAS
999074,INEX-A,COMISIONES,COMISIONES,LINEAS COMPLEMENTARIAS
999075,UREA,COMISIONES,COMISIONES,LINEAS COMPLEMENTARIAS
999075,UREA,COMISIONES,COMISIONES,LINEAS COMPLEMENTARIAS
999083,MFE 25.25-5.75-22.5,COMISIONES,COMISIONES,LINEAS COMPLEMENTARIAS
999083,MFE 25.25-5.75-22.5,COMISIONES,COMISIONES,LINEAS COMPLEMENTARIAS
999084,MFE 17.40-11.50-22.50,COMISIONES,COMISIONES,LINEAS COMPLEMENTARIAS
999084,MFE 17.40-11.50-22.50,COMISIONES,COMISIONES,LINEAS COMPLEMENTARIAS
999085,MSMA 72 SL,COMISIONES,COMISIONES,LINEAS COMPLEMENTARIAS
999085,MSMA 72 SL,COMISIONES,COMISIONES,LINEAS COMPLEMENTARIAS
999086,MFE 28.75-0-22.5,COMISIONES,COMISIONES,LINEAS COMPLEMENTARIAS
999086,MFE 28.75-0-22.5,COMISIONES,COMISIONES,LINEAS COMPLEMENTARIAS
999087,MFE 21-4-20,COMISIONES,COMISIONES,LINEAS COMPLEMENTARIAS
999087,MFE 21-4-20,COMISIONES,COMISIONES,LINEAS COMPLEMENTARIAS
999150,DIUREX 80 SC,COMISIONES,COMISIONES,LINEAS COMPLEMENTARIAS
999500,LLANTA 14.00-24 G2 12L,COMISIONES,COMISIONES,LINEAS COMPLEMENTARIAS
999700,TUBO 1300/1400-24 TR-220,COMISIONES,COMISIONES,LINEAS COMPLEMENTARIAS
999800,PROTE 20R 1000/1100-20,COMISIONES,COMISIONES,LINEAS COMPLEMENTARIAS
999805,PROTECTOR 16L 6.50-8.2516,COMISIONES,COMISIONES,LINEAS COMPLEMENTARIAS
999805,PROTECTOR 16L 6.50-8.2516,COMISIONES,COMISIONES,LINEAS COMPLEMENTARIAS
999807,PROTECTOR 56X16,COMISIONES,COMISIONES,LINEAS COMPLEMENTARIAS
999807,PROTECTOR 56X16,COMISIONES,COMISIONES,LINEAS COMPLEMENTARIAS
999810,PROTECTORES,COMISIONES,COMISIONES,LINEAS COMPLEMENTARIAS
999810,PROTECTORES,COMISIONES,COMISIONES,LINEAS COMPLEMENTARIAS
225505,BARRA LINEAL TRUPER 7/8X5,HERRAMIENTAS,HERRAMIENTAS,LINEAS COMPLEMENTARIAS
225505,GANCHO C/TORN. P/AMACA,HERRAMIENTAS,HERRAMIENTAS,LINEAS COMPLEMENTARIAS
226022,CAJA P/HERRAMIENTAS 7W62,HERRAMIENTAS,HERRAMIENTAS,LINEAS COMPLEMENTARIAS
226022,CAJA P/HERRAMIENTAS D7 ,HERRAMIENTAS,HERRAMIENTAS,LINEAS COMPLEMENTARIAS
400010,ARANDELA 111647A1,MATERIAL INDUSTRIAL,MATERIAL INDUSTRIAL,LINEAS COMPLEMENTARIAS
400010,ARGUTO SOLIDO 25 MM PIE,MATERIAL INDUSTRIAL,MATERIAL INDUSTRIAL,LINEAS COMPLEMENTARIAS
99301,NPK PELICANO GRA ,COMISIONES,COMISIONES,LINEAS COMPLEMENTARIAS
99301,NPK PELICANO GRA ,COMISIONES,COMISIONES,LINEAS COMPLEMENTARIAS
99750,ACIDO FOSFORICO ,COMISIONES,COMISIONES,LINEAS COMPLEMENTARIAS
99750,ACIDO FOSFORICO ,COMISIONES,COMISIONES,LINEAS COMPLEMENTARIAS
999000,ACIDO CLORHIDRICO,COMISIONES,COMISIONES,LINEAS COMPLEMENTARIAS
999000,ACIDO CLORHIDRICO,COMISIONES,COMISIONES,LINEAS COMPLEMENTARIAS
999005,ACIDO FORMICO,COMISIONES,COMISIONES,LINEAS COMPLEMENTARIAS
999005,ACIDO FORMICO,COMISIONES,COMISIONES,LINEAS COMPLEMENTARIAS
999011,ADSEE 775,COMISIONES,COMISIONES,LINEAS COMPLEMENTARIAS
999011,ADSEE 775,COMISIONES,COMISIONES,LINEAS COMPLEMENTARIAS
999013,ARSENAL CUBETA 9.5 LTS,COMISIONES,COMISIONES,LINEAS COMPLEMENTARIAS
999013,ARSENAL CUBETA 9.5 LTS,COMISIONES,COMISIONES,LINEAS COMPLEMENTARIAS
999014,AMETREX 80 WG,COMISIONES,COMISIONES,LINEAS COMPLEMENTARIAS
999014,AMETREX 80 WG,COMISIONES,COMISIONES,LINEAS COMPLEMENTARIAS
999016,AMIGAN 65 WG,COMISIONES,COMISIONES,LINEAS COMPLEMENTARIAS
999016,AMIGAN 65 WG,COMISIONES,COMISIONES,LINEAS COMPLEMENTARIAS
999020,BATALLA 35.6,COMISIONES,COMISIONES,LINEAS COMPLEMENTARIAS
999020,BATALLA 35.6,COMISIONES,COMISIONES,LINEAS COMPLEMENTARIAS
999023,BIOFASE LTS,COMISIONES,COMISIONES,LINEAS COMPLEMENTARIAS
999023,BIOFASE LTS,COMISIONES,COMISIONES,LINEAS COMPLEMENTARIAS
999024,BIOPHASO LTS,COMISIONES,COMISIONES,LINEAS COMPLEMENTARIAS
999024,BIOPHASO LTS,COMISIONES,COMISIONES,LINEAS COMPLEMENTARIAS
999025,BUSSAN-881,COMISIONES,COMISIONES,LINEAS COMPLEMENTARIAS
999025,BUSSAN-881,COMISIONES,COMISIONES,LINEAS COMPLEMENTARIAS
999026,BOQUILLA XR-11004-VS,COMISIONES,COMISIONES,LINEAS COMPLEMENTARIAS
999026,BOQUILLA XR-11004-VS,COMISIONES,COMISIONES,LINEAS COMPLEMENTARIAS
999044,ROUNDUP MASA 10 KG,COMISIONES,COMISIONES,LINEAS COMPLEMENTARIAS
999045,SACOS,COMISIONES,COMISIONES,LINEAS COMPLEMENTARIAS
999045,SACOS,COMISIONES,COMISIONES,LINEAS COMPLEMENTARIAS
999050,SODA ASH,COMISIONES,COMISIONES,LINEAS COMPLEMENTARIAS
999050,SODA ASH,COMISIONES,COMISIONES,LINEAS COMPLEMENTARIAS
999056,SODA CAUSTICA ESCAMA,COMISIONES,COMISIONES,LINEAS COMPLEMENTARIAS
999056,SODA CAUSTICA ESCAMA,COMISIONES,COMISIONES,LINEAS COMPLEMENTARIAS
999060,SUPERFLOC A-130,COMISIONES,COMISIONES,LINEAS COMPLEMENTARIAS
999060,SUPERFLOC A-130,COMISIONES,COMISIONES,LINEAS COMPLEMENTARIAS
999062,SULFATO AMONIO STD 21%N,COMISIONES,COMISIONES,LINEAS COMPLEMENTARIAS
999062,SULFATO AMONIO STD 21%N,COMISIONES,COMISIONES,LINEAS COMPLEMENTARIAS
999065,TALODURA,COMISIONES,COMISIONES,LINEAS COMPLEMENTARIAS
999065,TALODURA,COMISIONES,COMISIONES,LINEAS COMPLEMENTARIAS
999070,TALOCIDE DTE,COMISIONES,COMISIONES,LINEAS COMPLEMENTARIAS
999070,TALOCIDE DTE,COMISIONES,COMISIONES,LINEAS COMPLEMENTARIAS
999072,TOUCH DOWN FORTE (10LTR),COMISIONES,COMISIONES,LINEAS COMPLEMENTARIAS
999088,MFE 27.60-0-24,COMISIONES,COMISIONES,LINEAS COMPLEMENTARIAS
999088,MFE 27.60-0-24,COMISIONES,COMISIONES,LINEAS COMPLEMENTARIAS
999089,MFE 22.22-5.11-23.33,COMISIONES,COMISIONES,LINEAS COMPLEMENTARIAS
999089,MFE 22.22-5.11-23.33,COMISIONES,COMISIONES,LINEAS COMPLEMENTARIAS
999090,INGRAN,COMISIONES,COMISIONES,LINEAS COMPLEMENTARIAS
999090,INGRAN,COMISIONES,COMISIONES,LINEAS COMPLEMENTARIAS
999095,18-46-0,COMISIONES,COMISIONES,LINEAS COMPLEMENTARIAS
999095,18-46-0,COMISIONES,COMISIONES,LINEAS COMPLEMENTARIAS
999096,18-7-20,COMISIONES,COMISIONES,LINEAS COMPLEMENTARIAS
999096,18-7-20,COMISIONES,COMISIONES,LINEAS COMPLEMENTARIAS
999097,15-7-27,COMISIONES,COMISIONES,LINEAS COMPLEMENTARIAS
999097,15-7-27,COMISIONES,COMISIONES,LINEAS COMPLEMENTARIAS
999100,ROOT OUT 36 SL (20LTS),COMISIONES,COMISIONES,LINEAS COMPLEMENTARIAS
999100,ROOT OUT 36 SL (20LTS),COMISIONES,COMISIONES,LINEAS COMPLEMENTARIAS
999102,ROOT OUT 36 SL (3.5LTS),COMISIONES,COMISIONES,LINEAS COMPLEMENTARIAS
999102,ROOT OUT 36 SL (3.5LTS),COMISIONES,COMISIONES,LINEAS COMPLEMENTARIAS
999150,DIUREX 80 SC,COMISIONES,COMISIONES,LINEAS COMPLEMENTARIAS
999500,LLANTA 14.00-24 G2 12L,COMISIONES,COMISIONES,LINEAS COMPLEMENTARIAS
999504,LLANTA 10.00-20 16L T494,COMISIONES,COMISIONES,LINEAS COMPLEMENTARIAS
999504,LLANTA 10.00-20 16L T494,COMISIONES,COMISIONES,LINEAS COMPLEMENTARIAS
999510,LLANTA 18.4-30 TTTR1 8L F,COMISIONES,COMISIONES,LINEAS COMPLEMENTARIAS
999510,LLANTA 18.4-30 TTTR1 8L F,COMISIONES,COMISIONES,LINEAS COMPLEMENTARIAS
999515,LLANTA 16.9-28 TTR1 8L,COMISIONES,COMISIONES,LINEAS COMPLEMENTARIAS
999515,LLANTA 16.9-28 TTR1 8L,COMISIONES,COMISIONES,LINEAS COMPLEMENTARIAS
999520,LLANTA 20.8-38 8L TTR1,COMISIONES,COMISIONES,LINEAS COMPLEMENTARIAS
999520,LLANTA 20.8-38 8L TTR1,COMISIONES,COMISIONES,LINEAS COMPLEMENTARIAS
999525,LLANTA 14.9X24 8L TR-135,COMISIONES,COMISIONES,LINEAS COMPLEMENTARIAS
999525,LLANTA 14.9X24 8L TR-135,COMISIONES,COMISIONES,LINEAS COMPLEMENTARIAS
999530,LLANTA 18.4-38 TTR2 8L SP,COMISIONES,COMISIONES,LINEAS COMPLEMENTARIAS
999530,LLANTA 18.4-38 TTR2 8L SP,COMISIONES,COMISIONES,LINEAS COMPLEMENTARIAS
999535,LLANTA AGRICOLA 36X11X16,COMISIONES,COMISIONES,LINEAS COMPLEMENTARIAS
999535,LLANTA AGRICOLA 36X11X16,COMISIONES,COMISIONES,LINEAS COMPLEMENTARIAS
999705,TUBO 1000-20 TR175A,COMISIONES,COMISIONES,LINEAS COMPLEMENTARIAS
999705,TUBO 1000-20 TR175A,COMISIONES,COMISIONES,LINEAS COMPLEMENTARIAS
999710,TUBO 750-16 TR75A V.L.B.,COMISIONES,COMISIONES,LINEAS COMPLEMENTARIAS
999710,TUBO 750-16 TR75A V.L.B.,COMISIONES,COMISIONES,LINEAS COMPLEMENTARIAS
999715,TUBO 16-9/18-4-30 TR-218A,COMISIONES,COMISIONES,LINEAS COMPLEMENTARIAS
999715,TUBO 16-9/18-4-30 TR-218A,COMISIONES,COMISIONES,LINEAS COMPLEMENTARIAS
999720,TUBO 16.9/14-28,COMISIONES,COMISIONES,LINEAS COMPLEMENTARIAS
999720,TUBO 16.9/14-28,COMISIONES,COMISIONES,LINEAS COMPLEMENTARIAS
999725,TUBO 18.4/15-38,COMISIONES,COMISIONES,LINEAS COMPLEMENTARIAS
999725,TUBO 18.4/15-38,COMISIONES,COMISIONES,LINEAS COMPLEMENTARIAS
999730,TUBO 36X11,COMISIONES,COMISIONES,LINEAS COMPLEMENTARIAS
999730,TUBO 36X11,COMISIONES,COMISIONES,LINEAS COMPLEMENTARIAS
999731,TUBO 56X16,COMISIONES,COMISIONES,LINEAS COMPLEMENTARIAS
999731,TUBO 56X16,COMISIONES,COMISIONES,LINEAS COMPLEMENTARIAS
999800,PROTE 20R 1000/1100-20,COMISIONES,COMISIONES,LINEAS COMPLEMENTARIAS
